0,02 - Open your eyes.ogg
1,02 - Once Again.ogg
2,01 - Auf einem anderen Stern.ogg
3,01 - Cest a toi.ogg
4,01 - Bambax.ogg
5,02 - Silver Spoon.ogg
6,03 - Everything.ogg
7,03 - Paris la mort.ogg
8,03 - Marion in the Morning.ogg
9,01 - Sunlight.ogg
10,01 - A smile on your face.mp3
11,03 - Modern Life.ogg
12,02 - The Louise XIV Cathorse.mp3
13,01 - Annie.ogg
14,01 - Visa pour hier.mp3
15,01 - 01 Les Jardins Japonais.ogg
16,01 - Atlantide.ogg
17,03 - Samedi pas grand chose.ogg
18,01 - A linstant.ogg
19,01 - A city.mp3
20,02 - emporte-moi.mp3
21,01 - Le regard des autres.ogg
22,02 - The Game.ogg
23,01 - Bla bla bla.ogg
24,01 - Sunken Sailor.mp3
25,01 - Its Easy.ogg
26,01 - 10min.mp3
27,02 - Catin dharmonie.ogg
28,01 - Ok.ogg
29,02 - La fille du bar tabac.ogg
30,01 - 2006-Un ptit peu amoureux.ogg
31,01 - Chanson pour moi.ogg
32,02 - World that you know.ogg
33,02 - Politique dautruche.ogg
34,02 - You should have been there.ogg
35,01 - Burn.ogg
36,01 - A new singing song.mp3
37,02 - Spread The News.ogg
38,01 - Cest dans lere.ogg
39,01 - Angels Of Crime.ogg
40,01 - Ample Choix.ogg
41,01 - Astor.ogg
42,01 - Antikultura.ogg
43,03 - Each tear.ogg
44,01 - A CONTRE COURANT.mp3
45,01 - The Final Rewind.ogg
46,01 - Bang Bang.ogg
47,02 - Colombia.ogg
48,01 - Seven Months.ogg
49,01 - Ainsi chantait le poete.ogg
50,02 - Give me a sign.ogg
51,02 - aint that far.ogg
52,01 - Chanson engagee.ogg
53,01 - Atmosphere.ogg
54,01 - swallow.ogg
55,01 - A better Life.ogg
56,01 - Aura.ogg
57,01 - A song for memory.ogg
58,01 - Perdre le Nord.ogg
59,01 - Aline 1.ogg
60,01 - alice.mp3
